401000,401244
401250,4012e2
4012f0,4016a1
4016b0,401826
401880,402ca9
402d20,4031b2
4031c0,4033d2
4034d0,40428b
404290,404ff1
4050a0,4051a6
4051b0,405389
405390,405583
405590,4058fc
405910,405b8a
405b90,405fd2
405fe0,40730d
407330,40747c
407480,40766e
407670,407c0d
407c10,40832b
408330,4083a5
4083b0,408ccb
408dc0,40b38b
40b3d0,40b4c0
40b4f0,40ba7f
40ba80,40bd19
40bd20,40bfa5
40bfb0,40c0d6
40c0e0,40c178
40c180,40c277
40c280,40c95c
40c960,40cc97
40cca0,40ce0d
40ce30,40d410
40d410,40defc
40df00,40e25d
40e260,40f228
40f230,411dd1
411de0,41213c
412170,4121b7
4121c0,412219
412220,412271
412280,412700
412700,412788
412790,4128c5
4128d0,41295d
412960,4136c1
413780,413f6c
413f70,413f9e
413fa0,4145c8
414640,4146cb
414700,414832
414870,4149c7
414a30,414baa
414bd0,414ed1
414ee0,414f8d
414fc0,41536e
415370,4154a0
4154a0,415658
415660,415753
415760,41757c
417580,418715
418720,4187cf
4187d0,418f97
418fa0,4195d1
4195e0,41a95d
41a960,41d32f
41d3f0,41d40b
41d410,41d806
41d810,41da46
41da50,41db37
41db40,41df0c
41df10,41e0e8
41e0f0,41e3af
41e3b0,41e716
41e720,41e7e3
41e7f0,41e8b1
41e8c0,41e95b
41e960,41e9c9
41e9d0,41e9f7
41ea00,41ede4
41edf0,41ef53
41ef60,41f9fa
41fa00,4201dd
4201e0,420237
420240,4202ff
420300,4218ad
421920,42198c
421990,421a75
421a80,422b42
422b50,422b70
422b70,4235c7
4235d0,42372b
423730,423b24
423b30,423bb7
423bc0,4240c5
4240d0,4242d7
4242e0,4247f9
424820,424bf9
424c00,424c4d
424c50,425481
425490,425da0
425da0,425ec9
425ed0,42638f
4263f0,4267fc
426800,4268b8
4268c0,426a8c
426a90,426b71
426b80,426c2a
426c30,426d15
426d20,426e12
426e50,426fae
426fb0,4270c7
4270d0,4271ef
4271f0,427402
427410,4275a2
4275b0,4276b8
427790,427831
427840,427a02
427a10,427a90
427a90,427c0e
427c10,427d3b
427d40,427eab
427eb0,428262
428270,428432
428920,428a4b
429480,429d76
429d80,429e85
42a7e0,42a8ce
42a940,42aa2f
42aa30,42ac60
42ac60,42af6b
42af80,42b492
42b4a0,42b51e
42b520,42b67f
42b680,42b737
42b740,42b87f
42b880,42b8fe
42b900,42b916
42b920,42b97a
42b980,42bb9b
42bba0,42bd1a
42bd20,42bd77
42bd80,42be9d
42bea0,42cf6b
42cf90,42d21d
42d220,42d2d2
42d2e0,42d395
42d3a0,42d49e
42d4a0,42d585
42d590,42d9b6
42d9c0,42db5f
42db60,42e379
42e380,42e4e6
42e4f0,42e636
42e640,42e741
42e750,4308ee
430910,4309d2
4309e0,430e8b
430e90,431018
431020,43119b
4311a0,4314a7
4314b0,431960
431960,431b68
431b70,432120
432120,4323f3
432400,4324df
4324e0,432712
432750,432843
432850,4328a3
4328b0,433527
433580,43375f
433760,433848
433850,433b3e
433b40,433c4a
433c50,433feb
433ff0,434030
434030,4340c1
4340d0,4341a3
4341b0,4343b9
4343c0,4343e5
4343f0,434418
434420,434496
4344a0,434514
434520,434563
434570,43487d
4348c0,4349c6
4349d0,4349e8
4349f0,434a57
434a60,434ac7
434ad0,434b6c
434b70,434b98
434ba0,434c3c
434c40,434c4c
434c50,434c5a
434c60,434c6c
434c70,434db5
434dc0,434de2
434df0,434e23
434e30,434e52
434e60,434f1e
434f20,434fa9
434fb0,435127
435130,435193
4351a0,435212
435220,435376
435380,435486
435490,4355c6
435650,435a71
435a80,435ad7
435ae0,4369eb
436a30,436c14
436c40,436d9a
436da0,436da6
436db0,436f4b
436f50,436f56
436f60,437006
437010,437038
437040,437275
437280,4372e6
4372f0,437356
437360,4374dd
4374e0,43765d
437660,437891
4378a0,437938
437940,4379a6
4379b0,437a82
437a90,437be7
437bf0,437dd6
437de0,437f52
437f60,438092
4380a0,4381d2
4381e0,438352
438360,4384d2
4384e0,4386c6
4386d0,438732
438740,4388c6
4388d0,43895d
438960,438999
4389a0,438a31
438a40,438aef
438af0,438ee3
438ef0,438f0e
438f10,43903a
439040,4390cc
4390d0,439150
439150,43915d
439160,4399fc
439a00,439b00
439b00,439b25
439b30,439b9d
439ba0,439bc7
439bd0,439bf6
439c00,439c28
439c30,439da7
439db0,439f23
439f30,43a065
43a070,43a081
43a090,43a095
43a0a0,43a14b
43a150,43a531
43a590,43bc2a
43bc50,43bca5
43bcb0,43bd14
43bea0,43bf85
43bf90,43c176
43c180,43c2f9
43c350,43c408
43c410,43c50f
43c510,43c5c0
43c5c0,43c7a4
43c7b0,43cad7
43cae0,43cdef
43cdf0,43cf2e
43cf30,43d082
43d090,43d3fc
43d540,43d7bc
43d7c0,43dc64
43dd10,43df4e
43df50,43e370
43e370,43f162
43f200,43f38f
43f390,43f4a7
43f4b0,43f4be
43f4c0,43f5c1
43f5d0,43f7e2
43f7f0,43f8d5
43f8e0,43fc8b
43fc90,43fe50
43fe50,43ffa4
43ffb0,440136
440140,4402f2
440300,4406a3
4406b0,440e36
440e40,441743
441750,4417af
4417b0,441860
441860,441895
4418a0,441ea9
441eb0,441ed2
441ee0,4421b7
4421c0,4421ca
4421d0,4421db
4421e0,44247c
442480,442815
442820,442f69
442f70,444024
444030,444dee
444df0,445bf1
445c00,4469cd
4469d0,4477d9
4477e0,447ffd
448000,4481f4
448200,448332
448340,4483bc
4483c0,448525
448530,44865a
448660,4487d2
4487e0,4489bc
4489c0,448b7d
448b80,448bd9
448be0,44a594
44a5a0,44a5df
44a5e0,44a5eb
44a5f0,44a600
44a600,44a7b0
44a7b0,44afd1
44afe0,44b58a
44b590,44bda6
44bdb0,44c1ba
44c1c0,44cabe
44cac0,44d6bb
44d6c0,44e154
44e160,44f06c
44f070,44fc94
44fca0,44fcbf
44fcc0,44fcca
44fcd0,44fd00
44fd00,44fd0a
44fd10,44fe4e
44fe50,45030d
450310,4507e3
4507f0,45093e
450940,450a76
450a80,450b16
450b20,450eaf
450eb0,450eb6
450ec0,4514fb
451500,451635
451640,451734
451740,451a30
451a30,451b46
451b50,4523fb
452400,452436
452440,45309f
4530a0,453125
453130,4531b0
4531b0,4531cd
4531d0,4531ed
4531f0,4547ab
4547b0,455309
455330,4554eb
4554f0,456ad1
456ae0,456f96
456fa0,457aab
457c20,458d48
458dc0,459618
4596c0,4598d0
4598e0,45a520
45a520,45affb
45b0d0,45c5a5
45c680,45d6dd
45d910,45e306
45e320,45ec5f
45ec70,45fc11
45fc40,4603df
460490,460647
460650,460ca1
460cb0,46171b
461740,461835
461840,4619d5
4619f0,461a8f
461a90,461b27
461b30,462070
462070,46250d
462530,4625b0
4625c0,462634
462640,462663
462670,462a1e
462a90,462b2b
462b30,462bcb
462bd0,462bdb
462be0,464a20
464a20,464d34
464d40,464d5d
464d60,464db2
464dc0,464fed
464ff0,4651e7
4651f0,4652ee
4652f0,465656
465660,465810
465810,465b2e
465b30,4661e6
4661f0,46621b
466220,466522
466530,4666e5
4666f0,466706
466710,466743
466750,466c93
466ca0,466cdf
466ce0,467105
467110,467975
467980,468453
468480,468a74
468aa0,468e10
468e10,4691cf
4691d0,4696ea
4696f0,469883
469890,469a73
469a80,469ea0
469ea0,46a7e1
46a7f0,46aa1a
46aa20,46ad86
46ad90,46add8
46ade0,46b4e2
46b4f0,46b875
46b8a0,46baaf
46bab0,46bcfd
46bd00,46c555
46c570,46d1cb
46d1d0,46d3ed
46d3f0,46d5f7
46d610,46de4d
46de50,46de96
46dea0,470091
4700a0,470853
470860,471a0f
471a30,472db6
472dc0,472f2d
472f30,47349c
4734a0,4734e2
4734f0,47358b
473590,473cff
473d00,475a12
475a20,475dab
475db0,476478
476490,476933
476940,476a9f
476aa0,476fac
476fb0,4775fd
477600,477e4c
477e50,4781fb
478200,47835f
478360,478490
478490,478ea0
478f00,479945
479950,4799c9
4799d0,479a11
479a20,479ce4
479cf0,479f3c
479f40,47a275
47a280,47a4ca
47a4d0,47a5ae
47a5b0,47a60f
47a610,47a66f
47a670,47a6cf
47a6d0,47a763
47a770,47a803
47a810,47a8a3
47a8b0,47aa99
47aaa0,47af21
47af30,47b632
47b640,47bff6
47c000,47c121
47c130,47c22a
47c230,47c4f7
47c520,47c6c0
47c6c0,47c83c
47c840,47caf8
47cb00,47cb7f
47cbb0,47ccf3
47cd00,47cd2b
47cd30,47d315
47d320,47d697
47d6a0,47d6ed
47d6f0,47d700
47d700,47d710
47d710,47de21
47de30,47e001
47e010,47e183
47e190,47e2b9
47e2c0,47ea3e
47ea40,47eded
47edf0,47f4c2
47f4d0,47f8f5
47f900,47ff28
47ff30,480253
480260,48036e
480370,48045f
480460,480578
480580,4807b0
4807b0,480a7c
480a80,481635
481640,481ace
481ad0,481ff2
482000,482ce7
482d60,483683
4836f0,483ea7
483eb0,484954
4849c0,484a2d
484a30,484abf
484ac0,484b62
484b70,484c5c
484c60,484ce5
484cf0,484f28
484fe0,485090
485090,4850e4
4850f0,485187
485190,485212
485220,485262
485270,4852b2
4852c0,485302
485310,4855cf
4855d0,485678
485680,4856aa
4856b0,4856da
4856e0,48570a
485710,48573a
485740,485765
485770,485795
4857a0,4857d2
4857e0,485812
485820,485852
485860,485954
485960,4859ab
4859b0,485a70
485a70,485b4a
485b50,485c1b
485c20,485cec
485cf0,485dbc
485dc0,485e8c
485e90,485f5c
485f60,48602c
486030,4860fc
486100,4861cc
4861d0,48629c
4862a0,48636c
486370,48643c
486440,48650c
486510,486539
486540,486569
486570,486597
4865a0,486613
486620,4866e5
4866f0,4867cf
4867d0,4868af
4868b0,48698f
486990,486a88
486a90,486b58
486b60,486c28
486c30,486ce8
486cf0,486d5a
486d60,486db8
486dc0,486e8d
486e90,486e95
486ea0,486f90
486f90,487082
487090,487180
487180,4872c3
4872d0,4873a6
4873b0,48767a
487680,4878e7
4878f0,487b1f
487b20,487d1b
487d20,487fcc
487fd0,48818a
488190,488265
488270,48832b
488330,4883c3
4883d0,4884c1
4884d0,4885a6
4885b0,48861a
488620,488678
488680,488790
488790,48895a
488960,4889fc
488a00,488a44
488a50,488b5d
488b60,488c9a
488ca0,488dc1
488dd0,488e49
488e50,488e66
488e70,488e89
488e90,4890af
4890b0,48930f
489310,489684
489690,489a32
489a40,489b20
489b20,489eb8
489ec0,48ae60
48ae60,48b977
48ba20,48bbae
48bbb0,48bd3e
48bd40,48bece
48bed0,48c05e
48c060,48c1ee
48c1f0,48c37e
48c380,48c50e
48c510,48c69e
48c6a0,48c82e
48c830,48c9be
48c9c0,48cb4e
48cb50,48ccde
48cce0,48ce6e
48ce70,48cffe
48d000,48d18e
48d190,48d31e
48d320,48d4ae
48d4b0,48d63e
48d640,48d7ce
48d7d0,48d95e
48d960,48daee
48daf0,48dc7e
48dc80,48de0e
48de10,48df9e
48dfa0,48e12a
48e130,48e2ba
48e2c0,48e44a
48e450,48e5da
48e5e0,48e76a
48e770,48e8fa
48e900,48ea88
48ea90,48ec18
48ec20,48eda8
48edb0,48ef38
48ef40,48f0c8
48f0d0,48f258
48f260,48f347
48f350,48f844
48f850,48fc00
48fc00,490e66
490e70,490eaa
490eb0,490edf
490ee0,4912b7
4912c0,4918db
4918f0,491b8a
491b90,491eaa
491eb0,492f1b
492f20,4932f0
4932f0,493acc
493ad0,493dd5
493e00,4942e0
4942e0,494375
494380,494417
494420,4945d8
4945e0,494754
494760,49476a
494770,49484c
494850,4949a4
4949b0,494ac7
494ad0,494c0e
494c10,494c90
494c90,494cb9
494cc0,494cf1
494d00,494d33
494d40,494d77
494d80,494d9b
494da0,494dac
494db0,494dbc
494dc0,494dcd
494dd0,494ddd
494de0,494de7
494df0,494df7
494e00,494e07
494e10,494e31
494e40,494e61
494e70,494eab
494eb0,49501a
495020,495459
495460,4974d9
497590,497602
497610,497ae6
497af0,497c41
497c50,497d3c
497d40,498292
4982c0,4983f8
498400,49844d
498450,49852d
498530,498734
498740,498765
498770,4987a3
4987b0,498979
498980,498987
498990,498cd8
498ce0,498d05
498d10,498e62
498e70,498ff5
499000,4990f4
499100,4997a2
4997b0,499af7
499b00,499bbb
499bc0,499c50
499c50,49a48e
49a490,49a4c7
49a800,49a826
49a830,49a865
49aa30,49aa31
49aa40,49aab0
49abe0,49aca3
49ad70,49ad95
49ada0,49adb4
49adc0,49add0
49add0,49ade0
49ade0,49adef
49adf0,49ae11
49ae20,49afb5
49afc0,49b9c1
49b9d0,49ba5d
49ba60,49ba7c
49bb50,49c0b0
49c0b0,49c0f6
49c100,49c92a
49c930,49c942
49c950,49c95f
49c960,49c966
49c970,49c99e
49c9a0,49e038
49e040,49e15c
49e160,49e317
49e320,49e391
49e3a0,49e3bc
49e3c0,49e3c6
49e3d0,49e3d6
49e3e0,49e44f
49e450,49e5aa
49e5b0,49e5cb
49e5d0,49e5e9
49e5f0,49e5f6
49e600,49e603
49e610,49e6cc
49e6d0,49e7a1
49e7b0,49e88b
49e890,49e94a
49e950,49e9a1
49e9b0,49e9f0
49e9f0,49eacb
49ead0,49ee5c
49ee90,49f45a
49f460,49f53b
49f540,49f54d
49f550,49f634
49f640,49f729
49f730,49f819
49f820,4a0449
4a04c0,4a070c
4a0730,4a0c23
4a0c30,4a0fac
4a0fb0,4a12b8
4a12e0,4a1841
4a1850,4a1d7e
4a1d80,4a1f26
4a1f30,4a22bf
4a22c0,4a247f
4a2480,4a2638
4a2640,4a26a9
4a26b0,4a2793
4a27a0,4a299f
4a29a0,4a2a5a
4a2a60,4a2a7f
4a2a80,4a2b44
4a2b50,4a2bd8
4a2be0,4a2c4b
4a2c50,4a2cba
4a2cc0,4a2d21
4a2d30,4a2dc4
4a2dd0,4a2fae
4a2fb0,4a318e
4a3190,4a34e7
4a34f0,4a365f
4a3660,4a36a3
4a36b0,4a4076
4a4080,4a4c68
4a4c70,4a4e77
4a4e80,4a5032
4a5040,4a50ba
4a50c0,4a5103
4a5110,4a5201
4a5210,4a540b
4a5730,4a57f4
4a5800,4a5dc3
4a5dd0,4a5e94
4a5ea0,4a60b5
4a60c0,4a6184
4a6190,4a66a1
4a66b0,4a6774
4a6780,4a6922
4a6930,4a6aea
4a6af0,4a6d3f
4a6d40,4a6f7e
4a6f80,4a71c2
4a71d0,4a734a
4a75b0,4a83c2
4a83f0,4a851a
4a8aa0,4a98aa
4aa120,4aa696
4aa6a0,4aa782
4aa790,4aaa9b
4ab1b0,4ab2a8
4ab2b0,4ab451
4ab460,4ab52b
4ab530,4ab602
4ab610,4ab673
4ab770,4ab85f
4ab8e0,4ab99c
4ac420,4ac77c
4ace60,4ad168
4ae290,4ae3e1
4ae540,4afd4d
4b2360,4b2582
4b3a40,4b3f0d
4b4eb0,4b538a
4b5930,4b59fa
4b5a00,4b5acc
4b5ad0,4b5bda
4b5be0,4b5e84
4b5e90,4b612d
4b6130,4b63de
4b63e0,4b64ea
4b64f0,4b6503
4b6510,4b65d9
4b65e0,4b6fa6
4b6fc0,4b7b96
4b7ba0,4b8087
4b80a0,4b8456
4b8460,4b8646
4b8870,4b8a22
4ba6f0,4ba90e
4bb530,4bb635
4bb640,4bb6ea
4bcb70,4bcc35
4bdb30,4bdd3b
4be5c0,4be667
4be670,4bec1a
4bec20,4bed9e
4beda0,4bedf3
4bee00,4bee35
4bee40,4bee76
4bee80,4bfb76
4bfb80,4c035f
4c0360,4c13fb
4c1400,4c28b5
4c28c0,4c2a88
4c2a90,4c2d67
4c2d70,4c30c5
4c30d0,4c3548
4c3550,4c3ee9
4c3ef0,4c4069
4c40b0,4c41f7
4c4200,4c4687
4c4690,4c4848
4c4850,4c496a
4c4970,4c5832
4c58e0,4c601b
4c6020,4c6025
4c6030,4c7494
4c74a0,4c74c3
4c74d0,4c74eb
4c74f0,4c7f26
4c7f30,4c8064
4c8070,4c8133
4c8370,4c8410
4c8410,4c8500
4c8500,4c862a
4c8630,4c8817
4c8820,4c8850
4c8850,4c8953
4c8960,4c89e1
4c89f0,4c8a49
4c8a50,4c8aad
4c8ab0,4c8e5a
4c8e60,4c9249
4c9250,4c9556
4c9560,4c986f
4c9870,4c9bfd
4c9c00,4ca02f
4ca030,4ca371
4ca380,4ca6a6
4ca6b0,4caa1c
4caa20,4cad5d
4cad60,4cb0d4
4cb0e0,4cb406
4cb410,4cb70f
4cb710,4cb7a9
4cb7b0,4cb8bc
4cb8c0,4cb8ed
4cb8f0,4cba0e
4cba40,4cbbec
4cbbf0,4cbc5c
4cbc60,4cbd09
4cbd10,4cbdb9
4cbdc0,4cbe69
4cbe70,4cbf19
4cbf20,4cbfc9
4cbfd0,4cc079
4cc080,4cc129
4cc130,4cc192
4cc1a0,4cc23d
4cc240,4cc259
4cc260,4cc28e
4cc290,4cc39c
4cc3a0,4cc51e
4cc560,4cc5ed
4cc5f0,4cc634
4cc640,4cc6e5
4cc6f0,4cc717
4cc720,4cc7be
4cc7c0,4cc7d9
4cc7e0,4cc8a0
4cc8a0,4cc8bc
4cc8c0,4cc8de
4cc8e0,4cc912
4cc920,4cc933
4cc940,4cca50
4cca60,4ccafe
4ccb00,4ccc3b
4ccc40,4ccd40
4ccd40,4cce44
4cce50,4cd022
4cd030,4cd0f3
4cd100,4cd19f
4cd1a0,4cd2a0
4cd2a0,4cd340
4cd340,4cd386
4cd390,4cd67f
4cd680,4cd6be
4cd6c0,4cddef
4cde40,4cdec7
4cded0,4ce072
4ce080,4ce0b1
4ce0f0,4ce124
4ce130,4ce1cb
4ce1d0,4ce4b8
4ce4f0,4ce749
4ce750,4ceab4
4ceac0,4ceebb
4ceec0,4cf288
4cf290,4cf590
4cf590,4cf6ab
4cf6e0,4cf91d
4cf920,4cf97c
4cf980,4cfd5a
4cfd60,4cfe1b
4cfe20,4cfe45
4cfe50,4cff9c
4cffa0,4d04b3
4d04c0,4d0ce4
4d0d30,4d0f21
4d0f30,4d1114
4d1120,4d1320
4d1320,4d150b
4d1510,4d161c
4d1620,4d17e6
4d17f0,4d18c4
4d18d0,4d1add
4d1ae0,4d1bf4
4d1c00,4d1dd4
4d1de0,4d1ee1
4d1ef0,4d20d4
4d20e0,4d21b2
4d21c0,4d2201
4d2210,4d270f
4d27b0,4d29fd
4d3170,4d3181
4d3181,4d33cf
4d3930,4d3dd9
4d3de0,4d3eca
4d3ed0,4d3fa5
4d3fb0,4d404c
4d4050,4d405e
4d4060,4d4068
4d4070,4d44e8
4d4500,4d4532
4d4640,4d464e
4d4650,4d4759
4d4760,4d5a63
4d5a70,4d5ad8
4d5ae0,4d72ae
4d7460,4d77ee
4d7860,4d787d
4d7880,4d8059
4d8140,4d87f9
4d8800,4d88ce
4d88d0,4d9187
4d9190,4d9766
4d9770,4d9992
4d99a0,4d9b5d
4d9b90,4d9e50
4d9e50,4d9f12
4d9f20,4da130
4da130,4da204
4da210,4da304
4da310,4da33f
4da340,4da365
4da370,4da4fc
4da500,4da632
4da640,4daac3
4daad0,4dad1f
4dad20,4dad3a
4dad40,4daf75
4daf80,4db12f
4db1a0,4db431
4db440,4db536
4db540,4dbdd9
4dbde0,4dc339
4dc400,4dc4db
4dc4e0,4dc5ca
4dc5d0,4dc6b2
4dc6c0,4dc776
4dc780,4dc804
4dc810,4dc845
4dc850,4dc8b8
4dc8c0,4dc924
4dc930,4dce2b
4dce30,4dce50
4dce50,4dcea3
4dceb0,4dd13a
4dd160,4dd3ef
4dd3f0,4dd450
4dd450,4dd961
4dd970,4dd9cf
4dd9d0,4ddadc
4ddae0,4ddb6c
4ddb70,4ddbeb
4ddbf0,4de185
4de190,4de287
4de290,4de86b
4de870,4de9ab
4de9b0,4decfb
4ded00,4df129
4df130,4df742
4df750,4dfbf5
4dfc30,4dfddb
4dfde0,4e00f1
4e0100,4e0dd0
4e0e10,4e0f9f
4e0fa0,4e10a9
4e10b0,4e12d5
4e12e0,4e1758
4e1760,4e28ef
4e28f0,4e2e39
4e2e40,4e3309
4e3310,4e379f
4e37a0,4e4080
4e40b0,4e4201
4e4210,4e4473
4e4480,4e481a
4e4820,4e4ef5
4e4f00,4e6f14
4e6f20,4e6fdf
4e6fe0,4e7658
4e7660,4e77bb
4e77c0,4e7971
4e7a10,4e7d23
4e7d30,4e7dec
4e7df0,4e8101
4e8110,4e8174
4e8180,4e83c1
4e83d0,4e8675
4e8680,4e92c7
4e92d0,4e93bb
4e93f0,4e9432
4e9440,4e9572
4e9580,4e98fe
4e9900,4e9f4d
4e9f50,4ea132
4ea140,4ea19b
4ea1a0,4ea24d
4ea250,4ea27b
4ea280,4ea2ab
4ea2b0,4ea2db
4ea2e0,4ea320
4ea320,4ea360
4ea360,4ea3a0
4ea3a0,4ea3f7
4ea400,4ea47b
4ea480,4ea4e6
4ea4f0,4ea56d
4ea570,4ea5c7
4ea5d0,4ea5f0
4ea5f0,4ea5fe
4ea600,4ea708
4ea710,4ea760
4ea760,4ea7bb
4ea7c0,4ea7e0
4ea7e0,4ea835
4ea840,4ea8a2
4ea8b0,4eaa51
4eaa60,4eac21
4eac30,4eadb4
4eadc0,4eae93
4eaea0,4eaf8f
4eaf90,4eb005
4eb010,4eb083
4eb090,4eba16
4eba20,4ebdc6
4ebdd0,4ebdec
4ebdf0,4ebe0a
4ebe10,4ebe30
4ebe30,4ebe61
4ebe70,4ebe93
4ebea0,4ebed6
4ebee0,4ed6f9
4ed7f0,4edb72
4edb80,4edbf2
4edc00,4edc6c
4edc70,4ede21
4ede30,4ee32f
4ee330,4ee49a
4ee4a0,4ee817
4ee820,4ef274
4ef280,4efb38
4efb40,4efdf3
4efe00,4f1543
4f1610,4f1af4
4f1b00,4f1bae
4f1bb0,4f1c98
4f1ca0,4f1e86
4f1e90,4f2066
4f2070,4f213f
4f2140,4f22a6
4f22b0,4f2e51
4f2f60,4f32cc
4f32d0,4f3415
4f3420,4f35be
4f35c0,4f3668
4f3670,4f38c7
4f38d0,4f3a72
4f3a80,4f3d13
4f3d20,4f447b
4f4480,4f4a66
4f4a70,4f5274
4f5280,4f5286
4f5290,4f5296
4f52a0,4f539b
4f53a0,4f53e8
4f53f0,4f589f
4f58a0,4f5c0a
4f5c10,4f60d6
4f60e0,4f60fa
4f6100,4f6162
4f6170,4f6232
4f6240,4f650b
4f6510,4f6b65
4f6b70,4f81a5
4f81b0,4f8259
4f8260,4f8341
4f8350,4f840f
4f8410,4f8442
4f8450,4f846b
4f8470,4f8670
4f8670,4f8a38
4f8a40,4f8f87
4f8f90,4f9104
4f9110,4f9189
4f9190,4f91b8
4f91c0,4f92f3
4f9300,4f9315
4f9320,4fb8c7
4fba80,501893
501d90,501fef
501ff0,502564
502570,50266c
502670,502709
502710,502a5f
502a60,502c42
502c50,502f2e
502f50,5036ea
5036f0,503a0e
503a30,503d56
503d60,503e04
503e10,5041bf
5041c0,5042e4
5042f0,5048a5
5048b0,504a5a
504a70,504bb4
504bc0,50544c
505450,5056ef
5056f0,505ae5
505af0,505c07
505c10,505c5c
505c90,505d3b
505d40,505db2
505dc0,505ded
505df0,505e68
505e70,505ea1
505eb0,505f1c
505f20,505f93
505fa0,50612e
506130,5061be
5061c0,50636b
506370,5063a8
5063b0,5064c8
5064d0,50690f
506910,506ca5
506cb0,507508
507510,5079eb
5079f0,507b15
507b20,507d5f
507d60,508019
508020,5082ec
5082f0,508629
508630,50885a
508860,508ae1
508af0,508feb
508ff0,50903f
509040,509409
509410,509527
509530,509783
5097c0,50a1a0
50a2b0,50a415
50a420,50a482
50a490,50a491
50a4a0,50a7d6
50a7e0,50b59f
50b5c0,50b647
50b650,50b672
50b680,50b6e9
50b6f0,50b785
50b790,50bc16
50bc20,50c63c
50c640,50c6f0
50c6f0,50c733
50c740,50ca8c
50ca90,50cddc
50cde0,50cffe
50d000,50d042
50d050,50d056
50d060,50d066
50d070,50d697
50d6a0,50d77f
50d780,50da9a
50daa0,50dc35
50dc40,50dc46
50dc50,50dc99
50dca0,50dcef
50dcf0,50de29
50de30,50df3e
50df40,50e06d
50e070,50e07e
50e080,50e093
50e0a0,50e0b3
50e0c0,50e0e6
50e0f0,50e105
50e110,50e125
50e130,50e23b
50e240,50e2ea
50e2f0,50e34f
50e350,50e3ad
50e3b0,50e3fe
50e400,50e40d
50e410,50e430
50e430,50e450
50e450,50e45a
50e460,50e46a
50e470,50e476
50e480,50e53a
50e540,50e5a0
50e5a0,50e5c0
50e5c0,50ebfb
50ec00,50ec64
50ec70,50f151
50f160,50f6fb
50f700,50f81c
50f820,50f914
50f920,50fa43
50fa50,50fb04
50fb10,50fb50
50fb50,50fb5a
50fb60,50fb7e
50fb80,50fb96
50fba0,50fbb7
50fbc0,50fbda
50fbe0,50fc43
50fc50,50fcae
50fcb0,5117a0
5117c0,5117ed
5117f0,511a52
511a60,511a8c
511a90,511bd3
511be0,511c87
511c90,511e0f
511e10,511e37
511e40,5133ac
5133e0,514438
514440,514742
514790,515042
515050,5152c4
5152f0,517384
5174f0,517aa2
517b50,517d21
517ee0,518528
518530,51884a
518870,518e49
518e70,51944a
519470,519684
519690,519d55
519d60,51a48b
51a4b0,51a66d
51a670,51a9a4
51a9b0,51aa4f
51aa80,51abf1
51ace0,51ae66
51aea0,51b010
51b010,51b19a
51b1a0,51b2ae
51b2b0,51b420
51b420,51b5b9
51b5c0,51b6bd
51b6c0,51b6e0
51b6e0,51b70a
51b710,51b7e6
51b7f0,51b98e
51b990,51bb77
51bb80,51bced
51bcf0,51bd1c
51bd20,51bd64
51ce18,51ce1e
51d0f8,51d0fe
51d3d0,51ddfe
51de00,51e654
51e660,51e9be
51e9c0,51f300
51f300,51f869
51f870,51ff08
51ff30,520724
520730,520f1e
520f20,521854
521860,521e65
521e70,5223ee
5223f0,5229e1
5229f0,522f5a
522f60,5231f8
523200,52326f
523270,5232a3
5232b0,5232e3
5232f0,5234bd
5234c0,5239e8
5239f0,523a23
523a30,523a63
523a70,523ef5
523f00,52401a
524020,5241ab
5241b0,5252cd
5255b0,5261ef
5261f0,5263b8
5263c0,526462
526910,526ca2
526cb0,526ce7
526cf0,526cfd
526d00,526d0b
526d10,526d1f
526d20,52705f
527060,5276db
5276e0,528131
528140,52814c
528150,528215
528220,528330
528330,52846c
528470,5285b5
5285c0,52898b
528990,528a50
528a50,528ce4
528cf0,529089
529090,529200
529200,52932c
529330,529456
529460,5294c3
5294d0,52977d
529780,529861
529870,529899
5298a0,5298b5
5298c0,529949
529950,52a20c
52a250,52aa1c
52aa20,52abc6
52ac10,52ac35
52ac40,52ad1e
52ad20,52ad2e
52ad30,52adc7
52add0,52adee
52adf0,52ae09
52ae10,52ae1e
52ae20,52ae5c
52ae60,52ae8c
52ae90,52aebc
52aec0,52aeec
52aef0,52af20
52af20,52af4c
52af50,52af7c
52af80,52afac
52afb0,52afe0
52afe0,52aff6
52b100,52b106
52b110,52b116
52b120,52b213
52b220,52b395
52b3a0,52bbc7
52bbd0,52bbdd
52bbe0,52bbed
52bbf0,52bbfd
52bc00,52be15
52be20,52bee5
52bfc0,52c028
52c030,52c113
52c130,52cee0
52cee0,52cf4b
52cf50,52d6ea
52d6f0,52d836
52d840,52dadc
52dae0,52dc6f
52dd40,52dd52
52dd60,52dd6f
52dd70,52dd76
52dd80,52dd86
52dd90,52de25
52de30,52dec6
52ded0,52df25
52df30,52e349
52e350,52ef73
52ef80,52efdb
52efe0,52efe6
52eff0,52eff6
52f000,52f036
52f040,52f06e
52f070,52f0a6
52f0b0,52f0e6
52f0f0,52f16d
52f170,52f1a8
52f1b0,52f1c9
52f1d0,52f1e6
52f1f0,52f3c1
52f3d0,52f550
52f550,52f734
52f740,52f841
52f850,52f90c
52f910,52f9dc
52f9e0,52fabb
52fac0,52fafe
52fb00,52fb4f
52fb50,52fbcd
52fbd0,52fc12
52fc20,52fd0d
52fd10,52fe0d
52fe10,530129
530130,530188
530190,5301f7
530200,530258
530260,5302f1
530300,530391
5303a0,530431
530440,53051e
530520,53059c
5305a0,5306b4
5306c0,530cc7
530d40,530ed5
530ee0,530f57
530f60,531104
531110,531208
531280,531396
531430,5314bf
5314c0,53163c
531640,531646
531650,53166b
531670,531684
531690,5316ab
531840,531d34
531d40,531d67
531d70,531ef0
531ef0,53207c
532080,53212e
532130,532156
532160,532180
532180,5321ee
5321f0,532222
532230,53228c
532290,5322f0
5322f0,532343
532350,5323a7
5323b0,532672
532680,532c8d
532c90,532cfe
532d00,533660
533670,5336d9
5336e0,5338ba
5338c0,53392e
533930,533be8
533bf0,533c63
533c70,534a42
534a60,534ac9
534ad0,534cf7
534d00,535097
5350a0,53546f
535470,5354bd
5354c0,5356ce
5356d0,535ad1
535ae0,535f54
535f60,5361d0
5361d0,53657e
536580,536a48
536a50,536cbb
536cc0,536d99
536da0,536f8b
536f90,536ff0
536ff0,537037
537040,5372ed
5372f0,537438
537440,5374d6
5374e0,537534
537540,537564
537570,5375dc
5375e0,53797b
537980,537a23
537a30,537d73
537d80,537f3c
537f40,5380fa
538100,538300
538300,5383cd
5383d0,538460
538460,538617
538620,538626
538630,538645
538650,538775
538780,5387a0
5387a0,538841
538850,538c4f
538c50,538d3a
538d40,538dd5
538de0,538ea6
538eb0,538f31
538f40,538f5d
538f60,538fd2
538fe0,538ffc
539000,5390f7
539100,53918c
539190,539251
539260,539314
539320,539411
539420,5394d2
5394e0,5394fd
539500,53954a
539550,53955f
539560,53959b
5395a0,5395c3
5395d0,5395f7
539600,539740
539740,539760
53aa90,53ab54
53ab60,53ac44
53ac50,53ad42
53ad50,53adda
53ade0,53b08c
53b0c0,53b412
53b420,53b4b7
53d7b0,53dbb8
53dbe0,53dec3
53ded0,53e115
53e120,53e159
53e160,53e33c
53e340,53e61d
53e6c0,53e70a
53e710,53e75e
53e760,53eb2e
53eb30,53ed59
53ed60,53ef72
53ef80,53f001
53f010,53f035
53f040,53f526
53f530,53f5ad
53f5b0,53f5b8
53f5c0,53f5ca
53f5d0,53f69d
53f6a0,53f730
53f730,53f758
53f760,53f781
53f790,53f7ff
53f800,53f808
53f810,53f816
53f820,53f830
53f830,53f8c4
53f8d0,53f960
53f960,53f96b
53f970,53f97a
53f980,53fa4d
53fa50,53fa58
53fa60,53fa66
53fa70,53fb5e
53fb60,53fbdd
53fbe0,53fc09
53fc10,53fc83
53fc90,53fcb5
53fcc0,53fcd4
53fce0,53fcfe
53fd00,540035
540040,540046
540050,540056
540060,540075
540080,540108
540110,54011f
540120,540126
540130,540156
540160,540170
540170,5402bc
5402c0,540351
540360,54036f
540370,5407f0
5407f0,54088a
540890,5408b1
5408c0,5408d0
5408d0,5408e4
5408f0,5409fc
540a00,540a74
540a80,540af7
540b00,540cae
540cb0,540d2d
540d30,540d36
540d40,54102f
541030,54104d
541050,5411a1
5411b0,5411de
5411e0,5411f7
541200,541217
541220,541237
541240,541254
541760,541807
541810,54185d
541860,541881
541890,541928
541930,541caa
541cb0,541e89
541e90,541f0f
541f10,541f8f
541f90,542042
542050,5420cf
5420d0,5420fa
542100,54211a
542120,542c83
542c90,543484
543490,5435dc
5435e0,54371b
545e70,5477fc
547800,54813d
548140,5483c8
5483d0,5487bb
5487c0,548ce3
548cf0,54915b
549160,54932c
549330,549567
549570,5495c6
5495d0,5496bd
5496c0,54975f
549760,54ce56
54ce80,54cf83
54cf90,54d611
54d620,54d6c9
54d6d0,54dc31
54dc50,54e2bf
54e2c0,54e4ac
54e4b0,54f7fa
54f800,54fcb4
54fcc0,54fcf2
54fd00,551f13
551fe0,5520df
5520e0,55215f
552160,5521e7
5521f0,55236d
552370,5527cf
5527d0,5529a3
5529b0,552ba6
552bb0,552c71
552c80,552e43
552e50,552f3c
552f40,5535e1
5535f0,554a99
554aa0,55529a
5552a0,555310
555310,55541e
555420,5554bb
5554d0,555510
555510,55554f
555550,555565
555570,555595
5555a0,5555ca
5555d0,555ceb
555cf0,555fd4
555fe0,5560fe
556100,556255
556260,5563b8
5563c0,556657
556660,5567de
5567e0,556838
556840,5568d4
5568e0,556987
556990,556a26
556a30,556ac3
556ad0,556ae5
556af0,556afb
556b00,556b0b
556b10,556b16
556b20,55714e
557150,55719a
5571a0,557306
557310,557450
557450,55759d
5575a0,55771c
557720,557905
557910,557aad
557ab0,557adb
557ae0,557b0e
557b10,557ede
557ee0,557f08
557f10,557f74
557f80,558000
558000,558094
5580a0,5580c4
5580d0,5580e2
5580f0,5580f6
558100,558119
558120,558144
558150,55816a
558170,55817f
558180,558190
558190,5581a4
5581b0,5581c4
5581d0,5581e7
5581f0,558204
558210,55822d
558230,55824a
558250,558262
558270,55827e
558280,558292
5582a0,5582b4
5582c0,5582d4
5582e0,558498
5584a0,558755
558760,55888c
558890,558a75
558a80,558a8e
558a90,558aea
558af0,558b5d
558b60,558bd3
558be0,558c66
558c70,558c85
558c90,558cb0
558cb0,558ccf
558cd0,558ced
558cf0,558d0d
558d10,558d8c
558d90,558f5f
558f60,5590cb
5590d0,5592da
5592e0,559308
559310,5593b0
5593b0,5593bb
5593c0,559596
5599d0,559a81
559a90,559b47
559ce0,559e0e
55a090,55a24d
55a620,55a801
55a810,55a9eb
55aeb0,55af85
55b4d0,55b4e7
55b4f0,55b521
55b530,55b565
55b570,55b587
55b590,55b5a2
55b5b0,55b5dd
55b5e0,55b627
55b630,55ba46
55ba50,55ba6e
55ba70,55bacd
55bad0,55bb7b
55bb80,55bb88
55bb90,55bb98
55bba0,55bba8
55bbb0,55bbce
55bbd0,55bbee
55bbf0,55bc14
55bc20,55be7b
55c120,55c5e1
55c5f0,55c894
55c8a0,55cafb
55cb00,55cb41
55cb50,55cb72
55cb80,55cbca
55ccd0,55cce2
55ccf0,55cd71
55cd80,55ce68
55cf70,55d069
55d070,55d0c9
55d0d0,55d18f
55d190,55d210
55d210,55d262
55d270,55d3a4
55d3b0,55d46d
55d470,55d47e
55d480,55d493
55d4a0,55d4b3
55d4c0,55d5af
55d5b0,55d696
55d6a0,55d719
55d720,55d72b
55d730,55d7ce
55d7d0,55d7f8
55d800,55d86a
55d870,55d8ef
55d8f0,55d9ad
55d9b0,55da53
55da60,55dafe
55db00,55db78
55db80,55dbd3
55dbe0,55dbf0
55dbf0,55dc17
55dc20,55dc6d
55dc70,55dc9e
55dca0,55dcdb
55dce0,55dd0e
55dd10,55dd3c
55dd40,55dd60
55dd60,55ddd4
55dde0,55de1a
55de20,55df5f
55df60,55e00f
55e010,55e0eb
55e0f0,55e16b
55e170,55e7d2
55e7e0,55e800
55e800,55e8ba
55e8c0,55ebdb
55ebe0,55ece0
55ece0,55ece6
55ecf0,55ed09
55ed10,55eea0
55eea0,55f0fd
55f120,55f212
55f220,55f2c3
55f2d0,55f30e
55f310,55f401
55f410,55f60b
55f610,55f6e1
55f6f0,55f74c
55f750,55f7fc
55f800,55f970
55f970,55f9d1
55f9e0,55fa5d
55fa60,55fa97
55faa0,55fddd
55fde0,55fe84
560800,560e59
560e60,561854
561860,562ae6
562af0,563195
5631a0,56362f
563630,563811
563820,5638a5
563a20,564278
564280,5642f3
564300,56466d
564670,564ba0
564bc0,564c48
564c50,564d04
564d10,564db3
566510,566525
566530,56653a
566540,5665c4
5665d0,5665ef
5665f0,566632
566640,56679b
5667a0,5667ef
5667f0,566d83
566d90,566f01
566f10,567121
567130,56716d
567170,56723e
567240,56728f
567290,567395
5673a0,5678f6
567960,5679e5
5679f0,567a19
567a20,567b83
567b90,567bc3
567bd0,567bd5
567be0,56960b
569660,5698f3
569900,569bba
569be0,569ec7
569ed0,569eff
569f00,56a0c5
56a0d0,56a470
56a490,56aea6
56aeb0,56aeb6
56aec0,56b053
56b060,56baa5
56bab0,56bca7
56bd20,56be17
56be20,56beda
56bee0,56d6bd
56d6c0,56d8ad
56d8b0,56d8eb
56d8f0,56d9b8
56d9c0,56dd54
56ed70,56ef21
56ef30,56f175
56f180,56f2cc
56f2d0,56fd12
56fd20,5702e7
570310,5706c1
5706d0,5706f7
570700,570a6f
570b10,570c17
570c20,570c86
570c90,57107f
571090,5710ea
571de0,572ede
573640,57386b
573870,573add
573ae0,573ddd
573de0,574287
574290,574358
574360,5743cd
5743d0,574520
574520,574726
574760,57477c
574780,57479f
5747a0,574867
574870,574a1c
574a20,574b7b
574b80,574bbf
574bc0,574cd8
574ce0,574d02
575c90,576518
576520,577124
577140,577475
577490,577557
578660,578a55
578a60,578f5c
578f60,57921c
579220,5793d6
5793e0,57b3df
57b400,57b782
57b790,57bbb9
57bbc0,57bf00
57bf00,57de62
57dea0,57e08d
57e0b0,57e36e
57e370,57e423
57e430,57e4e1
57e5a0,57e7b5
57e7c0,57e7e4
57e7f0,57e844
57e850,57e8c1
57e8d0,57ec4e
5803a0,5814ab
5814b0,5827a0
5827a0,582e9c
582ea0,582ec7
582ed0,583833
583840,583ede
583ee0,5840b5
5840c0,584279
584280,5844f7
584500,584f2b
584f80,584fbe
584fbe,585009
585009,58504a
58504a,5850e6
5850e6,585106
585106,585150
585150,585168
585168,5851ea
5851ea,5851f7
5851f7,585204
585204,585211
585211,58527c
58527c,58537e
58537e,585385
585385,58538c
58538c,5853d8
5853d8,5853e8
5853e8,5853ef
5853ef,5853f6
5853f6,5854fb
5854fb,585550
585550,585583
585583,585610
585610,5856b2
5856b2,585799
585799,5857ce
5857ce,5857f6
5857f6,585d81
585d81,585e64
585e64,58620f
58620f,586247
586247,5862d3
5862d3,58632c
58632c,58636f
58636f,586374
586380,5863b0
5863b0,5863bf
5863bf,5863d6
5863d6,5863e9
5863e9,5863f8
5863f8,58640b
58640b,58641e
58641e,586431
586431,586448
586450,5864e7
5864e7,586509
586509,586542
586542,586569
586569,5865a3
5865a3,586671
586671,5866f3
5866f3,586708
586708,58676f
58676f,586780
586780,58679d
58679d,5867ae
5867ae,5867c7
5867c7,586826
586826,586843
586843,586858
586858,586869
586869,586968
586968,586981
586981,58699a
58699a,586a95
586a95,586ad6
586ad6,586af7
586af7,586b01
586b01,586b22
586b22,586b3f
586b3f,586b51
586b51,586b6c
586b6c,587443
5874bb,5876f6
587700,587d9d
587d9d,588771
588771,58896c
58896c,588b7d
588b7d,588c36
588c36,588cff
588cff,588d23
588d23,588eba
588eba,589053
58907b,5891e5
5891e5,589886
589886,589c7c
589c7c,589f93
589f93,58a622
58a622,58a7b1
58a7c0,58aab3
58aad7,58ab63
58ab63,58abb8
58abb8,58ac91
58ac91,58ad40
58ad40,58add0
58add0,58b01f
58b01f,58b1fa
58b1fa,58b204
58b204,58b3a0
58b3a0,58bc66
58bc9a,58bcd5
58bcd5,58bcf4
58bd00,58bdde
58bdde,58be14
58be14,58be2d
58be2d,58be46
58be46,58bec6
58bec6,58bf99
58bf99,58bfec
58bfec,58c0d4
58c0d4,58c1e5
58c1e5,58c240
58c240,58c277
58c277,58c2d3
58c2d3,58c352
58c352,58c3cb
58c3cb,58c41b
58c41b,58c657
58c657,58c8a9
58c8a9,58c8f7
58c8f7,58c930
58c930,58c9e7
58c9f0,58ca33
58ca33,58ca90
58ca90,58cae5
58cae5,58cc03
58cc03,58cc96
58cc96,58cd3c
58cd3c,58ceee
58ceee,58cfb3
58cfb3,58d02f
58d02f,58d12e
58d12e,58d437
58d437,58d721
58d730,58d762
58d762,58d792
58d792,58d7bc
58d7bc,58d963
58d963,58d9c4
58d9c4,58dafe
58db00,58db40
58db40,58dc16
58dc16,58dc32
58dc40,58dc89
58dc89,58dcd2
58dcd2,58dda6
58dda6,58ddcd
58ddcd,58de16
58de16,58de5f
58de5f,58de96
58dea0,58dfb9
58dfb9,58dfd3
58dfd3,58dfe6
58dfe6,58e016
58e016,58e0cd
58e0cd,58e20c
58e20c,58e30d
58e30d,58e396
58e396,58e85a
58e85a,58ef56
58ef56,58efcb
58efcb,58f4d4
58f4d4,58f9bc
58f9bc,58fb6d
58fb6d,58fc39
58fc39,58fd4a
58fd4a,58fdef
58fdef,5900f2
5900f2,5901aa
5901aa,590220
590220,59029f
59029f,59032b
59032b,590434
590434,59050f
590510,59054e
59054e,5906d8
5906d8,5906fd
5906fd,59089d
59089d,590950
590950,5909f2
5909f2,590a51
590a51,590ab0
590ab0,590abb
590abb,590aef
590aef,590b03
590b03,590b57
590b57,590b9e
590b9e,590cd2
590cd2,590eba
590ec0,590f40
590f40,591031
591031,5911fd
5911fd,5913aa
5913aa,591412
591412,59145f
59145f,59160c
59160c,591674
591674,5916c1
5916c1,5917db
5917db,59190c
59190c,59196c
59196c,591a24
591a30,591abc
591abc,591ac3
591ac3,591ade
591ade,591c28
591c28,591cc4
591cc4,591fa2
591fa2,592292
592292,5925e3
5925e3,5929b7
5929c0,592a19
592a19,592c3b
592c3b,592c89
592c89,592e4f
592e4f,592ea9
592ea9,592f0c
592f0c,59305b
59305b,59309e
5930a0,593100
593100,5931b8
5931b8,59323c
59323c,59327e
59327e,5932e4
5932e4,593326
593330,59335b
59335b,59348a
59348a,5934aa
5934aa,5934ca
5934ca,5934e9
5934e9,59357d
59357d,593610
593610,5936a6
5936a6,59372d
59372d,593802
593802,59395a
59395a,593964
593964,593985
593985,593b31
593b31,593ccc
593ccc,593e0d
593e0d,593e7b
593e7b,593e91
593e91,593e9b
593e9b,593f1d
593f1d,593f44
593f44,594063
594063,5944da
5944da,5944f2
5944f2,59453f
59453f,594ae9
594ae9,594b6a
594b6a,594d02
594d02,594dd8
594dd8,594de2
594de2,594e10
594e10,594e2f
594e2f,594e45
594e45,594e6c
594e6c,594ef8
594ef8,595006
595006,595095
595095,595106
595106,595191
595191,5954d6
5954d6,5955f0
5955f0,595e6c
595e6c,595f6c
595f6c,5960b4
5960b4,5960be
5960be,596ea2
596ea2,596f89
596f89,597784
597784,5977ed
5977ed,59786e
59786e,597cc5
597cc5,597cd9
597cd9,597dbe
597dbe,597e5f
597e5f,597f62
597f62,597f9f
597f9f,598089
598089,5981b9
5981b9,598396
598396,5984ba
5984ba,598c92
598c92,598e49
598e49,5991cc
5991cc,5995f0
5995f0,599bad
599bad,599c54
599c54,599ceb
599ceb,599d95
599d95,599e61
599e61,599e79
599e79,599e91
599e91,599ea9
599ea9,599f8f
599f8f,59a075
59a075,59a15b
59a15b,59a165
59a165,59a16f
59a16f,59a2bb
59a2bb,59a455
59a455,59a5e9
59a5f0,59a607
59a610,59a648
59a650,59a677
59a680,59a6e8
59a6f0,59a772
59a780,59a87e
59a880,59a8c2
59a8e0,59a99c
59a9a0,59acd5
59ace0,59ad1d
59ad20,59ad85
59ad90,59adc8
59add0,59ae07
59ae10,59ae25
59ae30,59aeb5
59aec0,59aeef
59aef0,59af58
59af60,59b228
59b230,59b385
59b390,59b4ab
59b4b0,59b6a2
59b6b0,59b6f4
59b700,59b807
59b810,59b87a
59b880,59b8b2
59b8c0,59b957
59b960,59ba5e
59ba60,59baaa
59bab0,59bae7
59baf0,59bc2c
59bc30,59bc5d
59bc60,59bc97
59bca0,59bde6
59bdf0,59be89
59be90,59be9e
59bea0,59bead
59beb0,59bedd
59bee0,59bf29
59bf30,59bf60
59bf60,59bf72
59bf80,59bf92
59bfa0,59c04e
59c060,59c06b
59c070,59c07b
59c080,59c0a0
59c0a0,59c12f
59c130,59c145
59c190,59c1b8
59c1c0,59c364
59c370,59c3b9
59c3c0,59c3d4
59c3dd,59c48b
59c490,59c525
59c530,59c544
59c54d,59c5fb
59c600,59c637
59c640,59c675
59c680,59c6ee
59c700,59c7bb
59c7c0,59c7f2
59c800,59c880
59c880,59c8dd
59c8e0,59c8f4
59c900,59c944
59c950,59c9a5
59c9b0,59ca5b
59ca60,59cc10
59cc10,59cc78
59cd60,59cf08
59cf10,59cf36
59cf40,59cf66
59cf70,59d115
59d120,59d179
59d180,59d1ac
59d1b0,59d298
59d2a0,59d370
59d370,59d40f
59d410,59d4a9
59d4b0,59d4df
59d4e0,59d60b
59d610,59d650
59d650,59d693
59d6a0,59d6d2
59d6e0,59d738
59d740,59d7ec
59d7f0,59db25
59db30,59db3b
59db40,59dc30
59dc30,59dc8b
59dc90,59dd0b
59dd10,59dd94
59dda0,59ddb4
59ddb4,59ddbd
59ddbd,5a30ab
59de50,59de63
59de70,59dec0
59dec0,59dee9
59def0,59df4d
59df50,59dfbb
59dfe0,59e032
59e040,59e0b3
59e0c0,59e1b2
59e1c0,59e226
59e230,59e2e6
59e2f0,59e3a6
59e3b0,59e415
59e420,59e449
59e450,59e580
59e580,59edfc
59ef10,59ef52
59ef60,59ef99
59efa0,59efdd
59efe0,59eff1
59f000,59f012
59f020,59f032
59f040,59f06b
59f070,59f0e6
59f0f0,59f106
59f110,59f146
59f150,59f178
59f180,59f1b6
59f1c0,59f1e8
59f1f0,59f415
59f420,59f44f
59f450,5a00c9
5a0190,5a01c9
5a01d0,5a01f1
5a0200,5a0218
5a0220,5a0268
5a0270,5a02d8
5a02e0,5a0370
5a0370,5a03a3
5a03b0,5a050b
5a0580,5a0659
5a0660,5a074f
5a1670,5a16ae
5a16b0,5a16ea
5a16f0,5a1881
5a1890,5a18ed
5a18f0,5a197a
5a1c60,5a1cbe
5a1da0,5a1dde
5a1e80,5a1e9b
5a1ea0,5a1f83
5a1f90,5a1fb1
5a1fc0,5a2042
5a2050,5a2089
5a2090,5a21b9
5a21c0,5a21fe
5a2200,5a2221
5a2230,5a22a3
5a22b0,5a22b9
5a22c0,5a22c9
5a22d0,5a2342
5a2350,5a23d0
5a23d0,5a2442
5a2450,5a2675
5a2680,5a26f2
5a2700,5a2909
5a2910,5a2944
5a2950,5a29ac
5a29b0,5a29c3
5a29d0,5a2a4a
5a2a50,5a2b08
5a2b10,5a2b4d
5a2b50,5a2bb3
5a2bc0,5a2dcc
5a2fa0,5a2fb7
5a2fb7,5a2ff3
5a3015,5a302c
5a302c,5a3045
5a3045,5a3088
5a3088,5a309e
5a30ab,5a30d5
5a3320,5a3458
5a3460,5a34fe
5a3500,5a3520
5a3520,5a3557
5a3560,5a36c2
5a36d0,5a372b
5a3730,5a37fd
5a3800,5a3859
5a3860,5a38b3
5a38c0,5a3af3
5a3b00,5a3c72
5a3c80,5a3d44
5a4040,5a4052
5a4060,5a409a
5a40a0,5a418e
5a4190,5a422e
5a4230,5a443f
5a4440,5a4596
5a45a0,5a47cb
5a47d0,5a481d
5a4820,5a4858
5a4880,5a48b2
5a48c0,5a4a9a
5a4aa0,5a4aab
5a4ab0,5a4ad0
5a4af2,5a4b5a
5a4b86,5a4b9e
5a4c65,5a4c80
5a4c80,5a4cbd
5a4cc0,5a4e96
5a4ea0,5a4f3e
5a4f40,5a4fc2
5a4fd0,5a50ce
5a50d0,5a510b
5a5110,5a5128
5a5130,5a51c6
5a51d0,5a525b
5a5260,5a52c6
5a52d0,5a5339
5a5340,5a53dd
5a53e0,5a53fd
5a5400,5a540f
5a5410,5a542d
5a5430,5a54e1
5a54f0,5a56bf
5a56c0,5a56d8
5a56e0,5a56f8
5a5700,5a5738
5a5740,5a5778
5a5780,5a5811
5a5820,5a58ab
5a58b0,5a596e
5a5980,5a59dd
5a59e0,5a5a0b
5a5a10,5a5a7c
5a5a80,5a5af2
5a5b00,5a5b68
5a5b70,5a5be5
5a5bf0,5a5c61
5a5c70,5a5d6e
5a5d70,5a5d9a
5a5da0,5a5dbf
5a5dc0,5a5e43
5a5e50,5a5fb8
5a5fc0,5a6061
5a6070,5a6103
5a6110,5a6159
5a6160,5a61c5
5a61d0,5a61f2
5a6200,5a6551
5a6750,5a678d
5a6790,5a67f1
5a6800,5a6901
5a6910,5a6a10
5a6a30,5a6abf
5a6ac0,5a6ae3
5a6af0,5a6b58
5a6b60,5a6b8e
5a6b90,5a6bbd
5a6bc0,5a6cb1
5a6cc0,5a7320
5a7450,5a77d2
5a77e0,5a792e
5a7ba0,5a7ec4
5a7ee0,5a8210
5a8210,5a8238
5a8240,5a8250
5a8250,5a8261
5a8270,5a8298
5a82a0,5a82f9
5a8300,5a85b8
5a85c0,5a864a
5a8650,5a86b4
5a86c0,5a86f9
5a8700,5a8803
5a8810,5a8860
5a8860,5a8866
5a8866,5a886c
5a886c,5a8872
5a8872,5a8878
5a8878,5a887e
5a8880,5a8896
5a8896,5a88a1
5a88a1,5a89a0
5a89a0,5a8b1f
b112f0,b112f5
b112f5,b11327
b11370,b124a1
b124b0,b124d6
